<?xml version="1.0" encoding="UTF-8" standalone="yes"?>
<vdb name="StockMat" version="1">

    <description>Shows how to materialize into an Infinispan remote cache</description>  
    
    <import-vdb name="Portfolio" version="1" import-data-policies="true"/>
    
  <model name="StockJDGSource" type="Physical">
	<source connection-jndi-name="java:/infinispanRemoteDSL" name="infinispan" translator-name="ispn-override"/>

     <metadata type = "DDL"><![CDATA[
            CREATE FOREIGN TABLE StockCache (id integer, product_id integer PRIMARY KEY, symbol string(10), price double, company_name string(100) ) OPTIONS(UPDATABLE true, "teiid_ispn:cache" 'stockCache');

           CREATE FOREIGN TABLE ST_StockCache (id integer, product_id integer PRIMARY KEY, symbol string(10), price double, company_name string(100) ) OPTIONS(UPDATABLE true, "teiid_ispn:cache" 'ST_stockCache');

        ]]>
       </metadata>
       <metadata type = "NATIVE"/>	

    </model>
    

        <model name="StocksMatView" type="VIRTUAL">
                <metadata type="DDL"><![CDATA[
CREATE VIEW Stock (id integer PRIMARY KEY,
	product_id integer,
	symbol string,
	price double,
	company_name string) OPTIONS (MATERIALIZED 'TRUE', UPDATABLE 'TRUE',     
MATERIALIZED_TABLE 'StockJDGSource.StockCache',
"teiid_rel:MATERIALIZED_STAGE_TABLE" 'StockJDGSource.ST_StockCache',
"teiid_rel:ALLOW_MATVIEW_MANAGEMENT" 'TRUE',
"teiid_rel:MATVIEW_BEFORE_LOAD_SCRIPT" 'execute StockJDGSource.native(''truncate StockJDGSource.ST_StockCache'');',
"teiid_rel:MATVIEW_AFTER_LOAD_SCRIPT" 'execute StockJDGSource.native(''rename StockJDGSource.ST_StockCache StockJDGSource.StockCache'');',
"teiid_rel:MATVIEW_STATUS_TABLE" 'Accounts.status',
"teiid_rel:MATVIEW_TTL" 10000,
"teiid_rel:MATVIEW_ONERROR_ACTION" 'WAIT')
AS
	SELECT  ROW_NUMBER() OVER (ORDER BY Stocks.Stock.product_id) as id,
		Stocks.Stock.product_id, Stocks.Stock.symbol, CAST(Stocks.Stock.price AS double) AS price, Stocks.Stock.company_name
	FROM
		Stocks.Stock;

        ]]></metadata>
        </model>
         
     <translator name="ispn-override" type="infinispan-hotrod">
        <property name="SupportsDirectQueryProcedure" value="true"/>
    </translator>
</vdb>
